support,itemsets
0.287249,olan
0.275788,ünlü
0.256805,sonra
0.237822,yeni
0.23639,dedi
0.22457,oldu
0.218481,olarak
0.20702,oyuncu
